"filename", "language", "Markdown", "CSV", "JSON", "HTML", "XML", "Python", "CSS", "pip requirements", "JavaScript", "comment", "blank", "total"
"c:\vs code\GitHub\CNIPE_INTERNSHIP_PROJECT_3IIR\README.md", "Markdown", 73, 0, 0, 0, 0, 0, 0, 0, 0, 0, 38, 111
"c:\vs code\GitHub\CNIPE_INTERNSHIP_PROJECT_3IIR\dev\.VSCodeCounter\2024-09-10_02-16-42\details.md", "Markdown", 92, 0, 0, 0, 0, 0, 0, 0, 0, 0, 6, 98
"c:\vs code\GitHub\CNIPE_INTERNSHIP_PROJECT_3IIR\dev\.VSCodeCounter\2024-09-10_02-16-42\diff-details.md", "Markdown", 9, 0, 0, 0, 0, 0, 0, 0, 0, 0, 6, 15
"c:\vs code\GitHub\CNIPE_INTERNSHIP_PROJECT_3IIR\dev\.VSCodeCounter\2024-09-10_02-16-42\diff.csv", "CSV", 0, 2, 0, 0, 0, 0, 0, 0, 0, 0, 0, 2
"c:\vs code\GitHub\CNIPE_INTERNSHIP_PROJECT_3IIR\dev\.VSCodeCounter\2024-09-10_02-16-42\diff.md", "Markdown", 12, 0, 0, 0, 0, 0, 0, 0, 0, 0, 7, 19
"c:\vs code\GitHub\CNIPE_INTERNSHIP_PROJECT_3IIR\dev\.VSCodeCounter\2024-09-10_02-16-42\results.csv", "CSV", 0, 85, 0, 0, 0, 0, 0, 0, 0, 0, 0, 85
"c:\vs code\GitHub\CNIPE_INTERNSHIP_PROJECT_3IIR\dev\.VSCodeCounter\2024-09-10_02-16-42\results.json", "JSON", 0, 0, 1, 0, 0, 0, 0, 0, 0, 0, 0, 1
"c:\vs code\GitHub\CNIPE_INTERNSHIP_PROJECT_3IIR\dev\.VSCodeCounter\2024-09-10_02-16-42\results.md", "Markdown", 43, 0, 0, 0, 0, 0, 0, 0, 0, 0, 7, 50
"c:\vs code\GitHub\CNIPE_INTERNSHIP_PROJECT_3IIR\dev\.VSCodeCounter\2024-09-12_04-52-39\details.md", "Markdown", 100, 0, 0, 0, 0, 0, 0, 0, 0, 0, 6, 106
"c:\vs code\GitHub\CNIPE_INTERNSHIP_PROJECT_3IIR\dev\.VSCodeCounter\2024-09-12_04-52-39\diff-details.md", "Markdown", 34, 0, 0, 0, 0, 0, 0, 0, 0, 0, 6, 40
"c:\vs code\GitHub\CNIPE_INTERNSHIP_PROJECT_3IIR\dev\.VSCodeCounter\2024-09-12_04-52-39\diff.csv", "CSV", 0, 27, 0, 0, 0, 0, 0, 0, 0, 0, 0, 27
"c:\vs code\GitHub\CNIPE_INTERNSHIP_PROJECT_3IIR\dev\.VSCodeCounter\2024-09-12_04-52-39\diff.md", "Markdown", 29, 0, 0, 0, 0, 0, 0, 0, 0, 0, 7, 36
"c:\vs code\GitHub\CNIPE_INTERNSHIP_PROJECT_3IIR\dev\.VSCodeCounter\2024-09-12_04-52-39\results.csv", "CSV", 0, 93, 0, 0, 0, 0, 0, 0, 0, 0, 0, 93
"c:\vs code\GitHub\CNIPE_INTERNSHIP_PROJECT_3IIR\dev\.VSCodeCounter\2024-09-12_04-52-39\results.json", "JSON", 0, 0, 1, 0, 0, 0, 0, 0, 0, 0, 0, 1
"c:\vs code\GitHub\CNIPE_INTERNSHIP_PROJECT_3IIR\dev\.VSCodeCounter\2024-09-12_04-52-39\results.md", "Markdown", 43, 0, 0, 0, 0, 0, 0, 0, 0, 0, 7, 50
"c:\vs code\GitHub\CNIPE_INTERNSHIP_PROJECT_3IIR\dev\.VSCodeCounter\2024-09-15_00-22-20\details.md", "Markdown", 100, 0, 0, 0, 0, 0, 0, 0, 0, 0, 6, 106
"c:\vs code\GitHub\CNIPE_INTERNSHIP_PROJECT_3IIR\dev\.VSCodeCounter\2024-09-15_00-22-20\diff-details.md", "Markdown", 36, 0, 0, 0, 0, 0, 0, 0, 0, 0, 6, 42
"c:\vs code\GitHub\CNIPE_INTERNSHIP_PROJECT_3IIR\dev\.VSCodeCounter\2024-09-15_00-22-20\diff.csv", "CSV", 0, 29, 0, 0, 0, 0, 0, 0, 0, 0, 0, 29
"c:\vs code\GitHub\CNIPE_INTERNSHIP_PROJECT_3IIR\dev\.VSCodeCounter\2024-09-15_00-22-20\diff.md", "Markdown", 29, 0, 0, 0, 0, 0, 0, 0, 0, 0, 7, 36
"c:\vs code\GitHub\CNIPE_INTERNSHIP_PROJECT_3IIR\dev\.VSCodeCounter\2024-09-15_00-22-20\results.csv", "CSV", 0, 93, 0, 0, 0, 0, 0, 0, 0, 0, 0, 93
"c:\vs code\GitHub\CNIPE_INTERNSHIP_PROJECT_3IIR\dev\.VSCodeCounter\2024-09-15_00-22-20\results.json", "JSON", 0, 0, 1, 0, 0, 0, 0, 0, 0, 0, 0, 1
"c:\vs code\GitHub\CNIPE_INTERNSHIP_PROJECT_3IIR\dev\.VSCodeCounter\2024-09-15_00-22-20\results.md", "Markdown", 43, 0, 0, 0, 0, 0, 0, 0, 0, 0, 7, 50
"c:\vs code\GitHub\CNIPE_INTERNSHIP_PROJECT_3IIR\dev\.VSCodeCounter\2024-09-21_00-07-49\details.md", "Markdown", 115, 0, 0, 0, 0, 0, 0, 0, 0, 0, 6, 121
"c:\vs code\GitHub\CNIPE_INTERNSHIP_PROJECT_3IIR\dev\.VSCodeCounter\2024-09-21_00-07-49\diff-details.md", "Markdown", 206, 0, 0, 0, 0, 0, 0, 0, 0, 0, 6, 212
"c:\vs code\GitHub\CNIPE_INTERNSHIP_PROJECT_3IIR\dev\.VSCodeCounter\2024-09-21_00-07-49\diff.csv", "CSV", 0, 199, 0, 0, 0, 0, 0, 0, 0, 0, 0, 199
"c:\vs code\GitHub\CNIPE_INTERNSHIP_PROJECT_3IIR\dev\.VSCodeCounter\2024-09-21_00-07-49\diff.md", "Markdown", 73, 0, 0, 0, 0, 0, 0, 0, 0, 0, 7, 80
"c:\vs code\GitHub\CNIPE_INTERNSHIP_PROJECT_3IIR\dev\.VSCodeCounter\2024-09-21_00-07-49\results.csv", "CSV", 0, 108, 0, 0, 0, 0, 0, 0, 0, 0, 0, 108
"c:\vs code\GitHub\CNIPE_INTERNSHIP_PROJECT_3IIR\dev\.VSCodeCounter\2024-09-21_00-07-49\results.json", "JSON", 0, 0, 1, 0, 0, 0, 0, 0, 0, 0, 0, 1
"c:\vs code\GitHub\CNIPE_INTERNSHIP_PROJECT_3IIR\dev\.VSCodeCounter\2024-09-21_00-07-49\results.md", "Markdown", 46, 0, 0, 0, 0, 0, 0, 0, 0, 0, 7, 53
"c:\vs code\GitHub\CNIPE_INTERNSHIP_PROJECT_3IIR\dev\.VSCodeCounter\2024-09-22_01-54-26\details.md", "Markdown", 116, 0, 0, 0, 0, 0, 0, 0, 0, 0, 6, 122
"c:\vs code\GitHub\CNIPE_INTERNSHIP_PROJECT_3IIR\dev\.VSCodeCounter\2024-09-22_01-54-26\diff-details.md", "Markdown", 18, 0, 0, 0, 0, 0, 0, 0, 0, 0, 6, 24
"c:\vs code\GitHub\CNIPE_INTERNSHIP_PROJECT_3IIR\dev\.VSCodeCounter\2024-09-22_01-54-26\diff.csv", "CSV", 0, 11, 0, 0, 0, 0, 0, 0, 0, 0, 0, 11
"c:\vs code\GitHub\CNIPE_INTERNSHIP_PROJECT_3IIR\dev\.VSCodeCounter\2024-09-22_01-54-26\diff.md", "Markdown", 28, 0, 0, 0, 0, 0, 0, 0, 0, 0, 7, 35
"c:\vs code\GitHub\CNIPE_INTERNSHIP_PROJECT_3IIR\dev\.VSCodeCounter\2024-09-22_01-54-26\results.csv", "CSV", 0, 109, 0, 0, 0, 0, 0, 0, 0, 0, 0, 109
"c:\vs code\GitHub\CNIPE_INTERNSHIP_PROJECT_3IIR\dev\.VSCodeCounter\2024-09-22_01-54-26\results.json", "JSON", 0, 0, 1, 0, 0, 0, 0, 0, 0, 0, 0, 1
"c:\vs code\GitHub\CNIPE_INTERNSHIP_PROJECT_3IIR\dev\.VSCodeCounter\2024-09-22_01-54-26\results.md", "Markdown", 46, 0, 0, 0, 0, 0, 0, 0, 0, 0, 7, 53
"c:\vs code\GitHub\CNIPE_INTERNSHIP_PROJECT_3IIR\dev\back-end\.VSCodeCounter\2024-09-10_02-11-41\details.md", "Markdown", 22, 0, 0, 0, 0, 0, 0, 0, 0, 0, 6, 28
"c:\vs code\GitHub\CNIPE_INTERNSHIP_PROJECT_3IIR\dev\back-end\.VSCodeCounter\2024-09-10_02-11-41\diff-details.md", "Markdown", 9, 0, 0, 0, 0, 0, 0, 0, 0, 0, 6, 15
"c:\vs code\GitHub\CNIPE_INTERNSHIP_PROJECT_3IIR\dev\back-end\.VSCodeCounter\2024-09-10_02-11-41\diff.csv", "CSV", 0, 2, 0, 0, 0, 0, 0, 0, 0, 0, 0, 2
"c:\vs code\GitHub\CNIPE_INTERNSHIP_PROJECT_3IIR\dev\back-end\.VSCodeCounter\2024-09-10_02-11-41\diff.md", "Markdown", 12, 0, 0, 0, 0, 0, 0, 0, 0, 0, 7, 19
"c:\vs code\GitHub\CNIPE_INTERNSHIP_PROJECT_3IIR\dev\back-end\.VSCodeCounter\2024-09-10_02-11-41\results.csv", "CSV", 0, 15, 0, 0, 0, 0, 0, 0, 0, 0, 0, 15
"c:\vs code\GitHub\CNIPE_INTERNSHIP_PROJECT_3IIR\dev\back-end\.VSCodeCounter\2024-09-10_02-11-41\results.json", "JSON", 0, 0, 1, 0, 0, 0, 0, 0, 0, 0, 0, 1
"c:\vs code\GitHub\CNIPE_INTERNSHIP_PROJECT_3IIR\dev\back-end\.VSCodeCounter\2024-09-10_02-11-41\results.md", "Markdown", 20, 0, 0, 0, 0, 0, 0, 0, 0, 0, 7, 27
"c:\vs code\GitHub\CNIPE_INTERNSHIP_PROJECT_3IIR\dev\back-end\app\.VSCodeCounter\2024-09-16_00-32-02\details.md", "Markdown", 17, 0, 0, 0, 0, 0, 0, 0, 0, 0, 6, 23
"c:\vs code\GitHub\CNIPE_INTERNSHIP_PROJECT_3IIR\dev\back-end\app\.VSCodeCounter\2024-09-16_00-32-02\diff-details.md", "Markdown", 9, 0, 0, 0, 0, 0, 0, 0, 0, 0, 6, 15
"c:\vs code\GitHub\CNIPE_INTERNSHIP_PROJECT_3IIR\dev\back-end\app\.VSCodeCounter\2024-09-16_00-32-02\diff.csv", "CSV", 0, 2, 0, 0, 0, 0, 0, 0, 0, 0, 0, 2
"c:\vs code\GitHub\CNIPE_INTERNSHIP_PROJECT_3IIR\dev\back-end\app\.VSCodeCounter\2024-09-16_00-32-02\diff.md", "Markdown", 12, 0, 0, 0, 0, 0, 0, 0, 0, 0, 7, 19
"c:\vs code\GitHub\CNIPE_INTERNSHIP_PROJECT_3IIR\dev\back-end\app\.VSCodeCounter\2024-09-16_00-32-02\results.csv", "CSV", 0, 10, 0, 0, 0, 0, 0, 0, 0, 0, 0, 10
"c:\vs code\GitHub\CNIPE_INTERNSHIP_PROJECT_3IIR\dev\back-end\app\.VSCodeCounter\2024-09-16_00-32-02\results.json", "JSON", 0, 0, 1, 0, 0, 0, 0, 0, 0, 0, 0, 1
"c:\vs code\GitHub\CNIPE_INTERNSHIP_PROJECT_3IIR\dev\back-end\app\.VSCodeCounter\2024-09-16_00-32-02\results.md", "Markdown", 16, 0, 0, 0, 0, 0, 0, 0, 0, 0, 7, 23
"c:\vs code\GitHub\CNIPE_INTERNSHIP_PROJECT_3IIR\dev\back-end\app\__init__.py", "Python", 0, 0, 0, 0, 0, 13, 0, 0, 0, 0, 7, 20
"c:\vs code\GitHub\CNIPE_INTERNSHIP_PROJECT_3IIR\dev\back-end\app\file_utils.py", "Python", 0, 0, 0, 0, 0, 195, 0, 0, 0, 18, 68, 281
"c:\vs code\GitHub\CNIPE_INTERNSHIP_PROJECT_3IIR\dev\back-end\app\models\course.py", "Python", 0, 0, 0, 0, 0, 178, 0, 0, 0, 22, 52, 252
"c:\vs code\GitHub\CNIPE_INTERNSHIP_PROJECT_3IIR\dev\back-end\app\models\formation.py", "Python", 0, 0, 0, 0, 0, 693, 0, 0, 0, 57, 152, 902
"c:\vs code\GitHub\CNIPE_INTERNSHIP_PROJECT_3IIR\dev\back-end\app\models\test.py", "Python", 0, 0, 0, 0, 0, 0, 0, 0, 0, 0, 1, 1
"c:\vs code\GitHub\CNIPE_INTERNSHIP_PROJECT_3IIR\dev\back-end\app\models\user.py", "Python", 0, 0, 0, 0, 0, 251, 0, 0, 0, 25, 115, 391
"c:\vs code\GitHub\CNIPE_INTERNSHIP_PROJECT_3IIR\dev\back-end\app\routes.py", "Python", 0, 0, 0, 0, 0, 1485, 0, 0, 0, 126, 510, 2121
"c:\vs code\GitHub\CNIPE_INTERNSHIP_PROJECT_3IIR\dev\back-end\app\utile.py", "Python", 0, 0, 0, 0, 0, 51, 0, 0, 0, 2, 17, 70
"c:\vs code\GitHub\CNIPE_INTERNSHIP_PROJECT_3IIR\dev\back-end\config.py", "Python", 0, 0, 0, 0, 0, 10, 0, 0, 0, 0, 4, 14
"c:\vs code\GitHub\CNIPE_INTERNSHIP_PROJECT_3IIR\dev\back-end\databaseStructureCategories.json", "JSON", 0, 0, 121, 0, 0, 0, 0, 0, 0, 4, 9, 134
"c:\vs code\GitHub\CNIPE_INTERNSHIP_PROJECT_3IIR\dev\back-end\databaseStructureUsers.json", "JSON", 0, 0, 54, 0, 0, 0, 0, 0, 0, 0, 3, 57
"c:\vs code\GitHub\CNIPE_INTERNSHIP_PROJECT_3IIR\dev\back-end\guidance.md", "Markdown", 9, 0, 0, 0, 0, 0, 0, 0, 0, 0, 6, 15
"c:\vs code\GitHub\CNIPE_INTERNSHIP_PROJECT_3IIR\dev\back-end\requirements.txt", "pip requirements", 0, 0, 0, 0, 0, 0, 0, 11, 0, 0, 1, 12
"c:\vs code\GitHub\CNIPE_INTERNSHIP_PROJECT_3IIR\dev\back-end\run.py", "Python", 0, 0, 0, 0, 0, 4, 0, 0, 0, 0, 3, 7
"c:\vs code\GitHub\CNIPE_INTERNSHIP_PROJECT_3IIR\dev\front-end\.VSCodeCounter\2024-09-10_02-12-34\details.md", "Markdown", 44, 0, 0, 0, 0, 0, 0, 0, 0, 0, 6, 50
"c:\vs code\GitHub\CNIPE_INTERNSHIP_PROJECT_3IIR\dev\front-end\.VSCodeCounter\2024-09-10_02-12-34\diff-details.md", "Markdown", 9, 0, 0, 0, 0, 0, 0, 0, 0, 0, 6, 15
"c:\vs code\GitHub\CNIPE_INTERNSHIP_PROJECT_3IIR\dev\front-end\.VSCodeCounter\2024-09-10_02-12-34\diff.csv", "CSV", 0, 2, 0, 0, 0, 0, 0, 0, 0, 0, 0, 2
"c:\vs code\GitHub\CNIPE_INTERNSHIP_PROJECT_3IIR\dev\front-end\.VSCodeCounter\2024-09-10_02-12-34\diff.md", "Markdown", 12, 0, 0, 0, 0, 0, 0, 0, 0, 0, 7, 19
"c:\vs code\GitHub\CNIPE_INTERNSHIP_PROJECT_3IIR\dev\front-end\.VSCodeCounter\2024-09-10_02-12-34\results.csv", "CSV", 0, 37, 0, 0, 0, 0, 0, 0, 0, 0, 0, 37
"c:\vs code\GitHub\CNIPE_INTERNSHIP_PROJECT_3IIR\dev\front-end\.VSCodeCounter\2024-09-10_02-12-34\results.json", "JSON", 0, 0, 1, 0, 0, 0, 0, 0, 0, 0, 0, 1
"c:\vs code\GitHub\CNIPE_INTERNSHIP_PROJECT_3IIR\dev\front-end\.VSCodeCounter\2024-09-10_02-12-34\results.md", "Markdown", 25, 0, 0, 0, 0, 0, 0, 0, 0, 0, 7, 32
"c:\vs code\GitHub\CNIPE_INTERNSHIP_PROJECT_3IIR\dev\front-end\.VSCodeCounter\2024-09-10_02-13-37\details.md", "Markdown", 44, 0, 0, 0, 0, 0, 0, 0, 0, 0, 6, 50
"c:\vs code\GitHub\CNIPE_INTERNSHIP_PROJECT_3IIR\dev\front-end\.VSCodeCounter\2024-09-10_02-13-37\diff-details.md", "Markdown", 9, 0, 0, 0, 0, 0, 0, 0, 0, 0, 6, 15
"c:\vs code\GitHub\CNIPE_INTERNSHIP_PROJECT_3IIR\dev\front-end\.VSCodeCounter\2024-09-10_02-13-37\diff.csv", "CSV", 0, 2, 0, 0, 0, 0, 0, 0, 0, 0, 0, 2
"c:\vs code\GitHub\CNIPE_INTERNSHIP_PROJECT_3IIR\dev\front-end\.VSCodeCounter\2024-09-10_02-13-37\diff.md", "Markdown", 12, 0, 0, 0, 0, 0, 0, 0, 0, 0, 7, 19
"c:\vs code\GitHub\CNIPE_INTERNSHIP_PROJECT_3IIR\dev\front-end\.VSCodeCounter\2024-09-10_02-13-37\results.csv", "CSV", 0, 37, 0, 0, 0, 0, 0, 0, 0, 0, 0, 37
"c:\vs code\GitHub\CNIPE_INTERNSHIP_PROJECT_3IIR\dev\front-end\.VSCodeCounter\2024-09-10_02-13-37\results.json", "JSON", 0, 0, 1, 0, 0, 0, 0, 0, 0, 0, 0, 1
"c:\vs code\GitHub\CNIPE_INTERNSHIP_PROJECT_3IIR\dev\front-end\.VSCodeCounter\2024-09-10_02-13-37\results.md", "Markdown", 26, 0, 0, 0, 0, 0, 0, 0, 0, 0, 7, 33
"c:\vs code\GitHub\CNIPE_INTERNSHIP_PROJECT_3IIR\dev\front-end\.VSCodeCounter\2024-09-10_02-14-09\details.md", "Markdown", 44, 0, 0, 0, 0, 0, 0, 0, 0, 0, 6, 50
"c:\vs code\GitHub\CNIPE_INTERNSHIP_PROJECT_3IIR\dev\front-end\.VSCodeCounter\2024-09-10_02-14-09\diff-details.md", "Markdown", 9, 0, 0, 0, 0, 0, 0, 0, 0, 0, 6, 15
"c:\vs code\GitHub\CNIPE_INTERNSHIP_PROJECT_3IIR\dev\front-end\.VSCodeCounter\2024-09-10_02-14-09\diff.csv", "CSV", 0, 2, 0, 0, 0, 0, 0, 0, 0, 0, 0, 2
"c:\vs code\GitHub\CNIPE_INTERNSHIP_PROJECT_3IIR\dev\front-end\.VSCodeCounter\2024-09-10_02-14-09\diff.md", "Markdown", 12, 0, 0, 0, 0, 0, 0, 0, 0, 0, 7, 19
"c:\vs code\GitHub\CNIPE_INTERNSHIP_PROJECT_3IIR\dev\front-end\.VSCodeCounter\2024-09-10_02-14-09\results.csv", "CSV", 0, 37, 0, 0, 0, 0, 0, 0, 0, 0, 0, 37
"c:\vs code\GitHub\CNIPE_INTERNSHIP_PROJECT_3IIR\dev\front-end\.VSCodeCounter\2024-09-10_02-14-09\results.json", "JSON", 0, 0, 1, 0, 0, 0, 0, 0, 0, 0, 0, 1
"c:\vs code\GitHub\CNIPE_INTERNSHIP_PROJECT_3IIR\dev\front-end\.VSCodeCounter\2024-09-10_02-14-09\results.md", "Markdown", 26, 0, 0, 0, 0, 0, 0, 0, 0, 0, 7, 33
"c:\vs code\GitHub\CNIPE_INTERNSHIP_PROJECT_3IIR\dev\front-end\.VSCodeCounter\2024-09-10_02-14-41\details.md", "Markdown", 44, 0, 0, 0, 0, 0, 0, 0, 0, 0, 6, 50
"c:\vs code\GitHub\CNIPE_INTERNSHIP_PROJECT_3IIR\dev\front-end\.VSCodeCounter\2024-09-10_02-14-41\diff-details.md", "Markdown", 9, 0, 0, 0, 0, 0, 0, 0, 0, 0, 6, 15
"c:\vs code\GitHub\CNIPE_INTERNSHIP_PROJECT_3IIR\dev\front-end\.VSCodeCounter\2024-09-10_02-14-41\diff.csv", "CSV", 0, 2, 0, 0, 0, 0, 0, 0, 0, 0, 0, 2
"c:\vs code\GitHub\CNIPE_INTERNSHIP_PROJECT_3IIR\dev\front-end\.VSCodeCounter\2024-09-10_02-14-41\diff.md", "Markdown", 12, 0, 0, 0, 0, 0, 0, 0, 0, 0, 7, 19
"c:\vs code\GitHub\CNIPE_INTERNSHIP_PROJECT_3IIR\dev\front-end\.VSCodeCounter\2024-09-10_02-14-41\results.csv", "CSV", 0, 37, 0, 0, 0, 0, 0, 0, 0, 0, 0, 37
"c:\vs code\GitHub\CNIPE_INTERNSHIP_PROJECT_3IIR\dev\front-end\.VSCodeCounter\2024-09-10_02-14-41\results.json", "JSON", 0, 0, 1, 0, 0, 0, 0, 0, 0, 0, 0, 1
"c:\vs code\GitHub\CNIPE_INTERNSHIP_PROJECT_3IIR\dev\front-end\.VSCodeCounter\2024-09-10_02-14-41\results.md", "Markdown", 26, 0, 0, 0, 0, 0, 0, 0, 0, 0, 7, 33
"c:\vs code\GitHub\CNIPE_INTERNSHIP_PROJECT_3IIR\dev\front-end\.VSCodeCounter\2024-09-16_00-29-45\details.md", "Markdown", 53, 0, 0, 0, 0, 0, 0, 0, 0, 0, 6, 59
"c:\vs code\GitHub\CNIPE_INTERNSHIP_PROJECT_3IIR\dev\front-end\.VSCodeCounter\2024-09-16_00-29-45\diff-details.md", "Markdown", 41, 0, 0, 0, 0, 0, 0, 0, 0, 0, 6, 47
"c:\vs code\GitHub\CNIPE_INTERNSHIP_PROJECT_3IIR\dev\front-end\.VSCodeCounter\2024-09-16_00-29-45\diff.csv", "CSV", 0, 34, 0, 0, 0, 0, 0, 0, 0, 0, 0, 34
"c:\vs code\GitHub\CNIPE_INTERNSHIP_PROJECT_3IIR\dev\front-end\.VSCodeCounter\2024-09-16_00-29-45\diff.md", "Markdown", 23, 0, 0, 0, 0, 0, 0, 0, 0, 0, 7, 30
"c:\vs code\GitHub\CNIPE_INTERNSHIP_PROJECT_3IIR\dev\front-end\.VSCodeCounter\2024-09-16_00-29-45\results.csv", "CSV", 0, 46, 0, 0, 0, 0, 0, 0, 0, 0, 0, 46
"c:\vs code\GitHub\CNIPE_INTERNSHIP_PROJECT_3IIR\dev\front-end\.VSCodeCounter\2024-09-16_00-29-45\results.json", "JSON", 0, 0, 1, 0, 0, 0, 0, 0, 0, 0, 0, 1
"c:\vs code\GitHub\CNIPE_INTERNSHIP_PROJECT_3IIR\dev\front-end\.VSCodeCounter\2024-09-16_00-29-45\results.md", "Markdown", 25, 0, 0, 0, 0, 0, 0, 0, 0, 0, 7, 32
"c:\vs code\GitHub\CNIPE_INTERNSHIP_PROJECT_3IIR\dev\front-end\EspaceFormation.html", "HTML", 0, 0, 0, 157, 0, 0, 0, 0, 0, 6, 23, 186
"c:\vs code\GitHub\CNIPE_INTERNSHIP_PROJECT_3IIR\dev\front-end\aide.html", "HTML", 0, 0, 0, 174, 0, 0, 0, 0, 0, 6, 21, 201
"c:\vs code\GitHub\CNIPE_INTERNSHIP_PROJECT_3IIR\dev\front-end\course.html", "HTML", 0, 0, 0, 120, 0, 0, 0, 0, 0, 3, 17, 140
"c:\vs code\GitHub\CNIPE_INTERNSHIP_PROJECT_3IIR\dev\front-end\courseContent.html", "HTML", 0, 0, 0, 497, 0, 0, 0, 0, 0, 21, 64, 582
"c:\vs code\GitHub\CNIPE_INTERNSHIP_PROJECT_3IIR\dev\front-end\css\aide.css", "CSS", 0, 0, 0, 0, 0, 0, 286, 0, 0, 11, 86, 383
"c:\vs code\GitHub\CNIPE_INTERNSHIP_PROJECT_3IIR\dev\front-end\css\course.css", "CSS", 0, 0, 0, 0, 0, 0, 220, 0, 0, 3, 112, 335
"c:\vs code\GitHub\CNIPE_INTERNSHIP_PROJECT_3IIR\dev\front-end\css\courseContent.css", "CSS", 0, 0, 0, 0, 0, 0, 1505, 0, 0, 6, 634, 2145
"c:\vs code\GitHub\CNIPE_INTERNSHIP_PROJECT_3IIR\dev\front-end\css\domain.css", "CSS", 0, 0, 0, 0, 0, 0, 356, 0, 0, 5, 140, 501
"c:\vs code\GitHub\CNIPE_INTERNSHIP_PROJECT_3IIR\dev\front-end\css\espaceFormation.css", "CSS", 0, 0, 0, 0, 0, 0, 138, 0, 0, 5, 49, 192
"c:\vs code\GitHub\CNIPE_INTERNSHIP_PROJECT_3IIR\dev\front-end\css\formation.css", "CSS", 0, 0, 0, 0, 0, 0, 152, 0, 0, 0, 37, 189
"c:\vs code\GitHub\CNIPE_INTERNSHIP_PROJECT_3IIR\dev\front-end\css\index.css", "CSS", 0, 0, 0, 0, 0, 0, 236, 0, 0, 2, 78, 316
"c:\vs code\GitHub\CNIPE_INTERNSHIP_PROJECT_3IIR\dev\front-end\css\login.css", "CSS", 0, 0, 0, 0, 0, 0, 6, 0, 0, 0, 2, 8
"c:\vs code\GitHub\CNIPE_INTERNSHIP_PROJECT_3IIR\dev\front-end\css\manageAdmins.css", "CSS", 0, 0, 0, 0, 0, 0, 186, 0, 0, 0, 42, 228
"c:\vs code\GitHub\CNIPE_INTERNSHIP_PROJECT_3IIR\dev\front-end\css\profile.css", "CSS", 0, 0, 0, 0, 0, 0, 449, 0, 0, 0, 137, 586
"c:\vs code\GitHub\CNIPE_INTERNSHIP_PROJECT_3IIR\dev\front-end\css\register.css", "CSS", 0, 0, 0, 0, 0, 0, 17, 0, 0, 1, 4, 22
"c:\vs code\GitHub\CNIPE_INTERNSHIP_PROJECT_3IIR\dev\front-end\css\style.css", "CSS", 0, 0, 0, 0, 0, 0, 579, 0, 0, 16, 194, 789
"c:\vs code\GitHub\CNIPE_INTERNSHIP_PROJECT_3IIR\dev\front-end\formation.html", "HTML", 0, 0, 0, 140, 0, 0, 0, 0, 0, 5, 19, 164
"c:\vs code\GitHub\CNIPE_INTERNSHIP_PROJECT_3IIR\dev\front-end\imgs\addPost.svg", "XML", 0, 0, 0, 0, 7, 0, 0, 0, 0, 0, 1, 8
"c:\vs code\GitHub\CNIPE_INTERNSHIP_PROJECT_3IIR\dev\front-end\index.html", "HTML", 0, 0, 0, 148, 0, 0, 0, 0, 0, 4, 17, 169
"c:\vs code\GitHub\CNIPE_INTERNSHIP_PROJECT_3IIR\dev\front-end\js\course.js", "JavaScript", 0, 0, 0, 0, 0, 0, 0, 0, 182, 3, 38, 223
"c:\vs code\GitHub\CNIPE_INTERNSHIP_PROJECT_3IIR\dev\front-end\js\courseContent\clsManageCourseContent.js", "JavaScript", 0, 0, 0, 0, 0, 0, 0, 0, 59, 0, 10, 69
"c:\vs code\GitHub\CNIPE_INTERNSHIP_PROJECT_3IIR\dev\front-end\js\courseContent\clsManageCourseContentClasses\clsManageCourseContentAddDelete.js", "JavaScript", 0, 0, 0, 0, 0, 0, 0, 0, 246, 11, 54, 311
"c:\vs code\GitHub\CNIPE_INTERNSHIP_PROJECT_3IIR\dev\front-end\js\courseContent\clsManageCourseContentClasses\clsManageCourseContentComments.js", "JavaScript", 0, 0, 0, 0, 0, 0, 0, 0, 698, 20, 102, 820
"c:\vs code\GitHub\CNIPE_INTERNSHIP_PROJECT_3IIR\dev\front-end\js\courseContent\clsManageCourseContentClasses\clsManageCourseContentEdit.js", "JavaScript", 0, 0, 0, 0, 0, 0, 0, 0, 235, 8, 58, 301
"c:\vs code\GitHub\CNIPE_INTERNSHIP_PROJECT_3IIR\dev\front-end\js\courseContent\clsManageCourseContentClasses\clsManageCourseContentQuiz.js", "JavaScript", 0, 0, 0, 0, 0, 0, 0, 0, 731, 28, 104, 863
"c:\vs code\GitHub\CNIPE_INTERNSHIP_PROJECT_3IIR\dev\front-end\js\courseContent\clsManageCourseContentClasses\clsManageCourseContentResources.js", "JavaScript", 0, 0, 0, 0, 0, 0, 0, 0, 391, 8, 65, 464
"c:\vs code\GitHub\CNIPE_INTERNSHIP_PROJECT_3IIR\dev\front-end\js\courseContent\clsManageCourseContentClasses\clsManageCourseContentReviews.js", "JavaScript", 0, 0, 0, 0, 0, 0, 0, 0, 248, 9, 48, 305
"c:\vs code\GitHub\CNIPE_INTERNSHIP_PROJECT_3IIR\dev\front-end\js\courseContent\clsManageCourseContentClasses\clsManageCourseContentSwitch.js", "JavaScript", 0, 0, 0, 0, 0, 0, 0, 0, 191, 5, 39, 235
"c:\vs code\GitHub\CNIPE_INTERNSHIP_PROJECT_3IIR\dev\front-end\js\courseContent\clsManageCourseContentClasses\clsManageRenderCourseContent.js", "JavaScript", 0, 0, 0, 0, 0, 0, 0, 0, 138, 1, 23, 162
"c:\vs code\GitHub\CNIPE_INTERNSHIP_PROJECT_3IIR\dev\front-end\js\courseContent\clsManageSideBarAndOptions.js", "JavaScript", 0, 0, 0, 0, 0, 0, 0, 0, 149, 3, 29, 181
"c:\vs code\GitHub\CNIPE_INTERNSHIP_PROJECT_3IIR\dev\front-end\js\courseContent\courseContent.js", "JavaScript", 0, 0, 0, 0, 0, 0, 0, 0, 59, 1, 12, 72
"c:\vs code\GitHub\CNIPE_INTERNSHIP_PROJECT_3IIR\dev\front-end\js\courseContent\courseContentDomVariables.js", "JavaScript", 0, 0, 0, 0, 0, 0, 0, 0, 1, 0, 1, 2
"c:\vs code\GitHub\CNIPE_INTERNSHIP_PROJECT_3IIR\dev\front-end\js\domain.js", "JavaScript", 0, 0, 0, 0, 0, 0, 0, 0, 60, 0, 10, 70
"c:\vs code\GitHub\CNIPE_INTERNSHIP_PROJECT_3IIR\dev\front-end\js\espaceFormation.js", "JavaScript", 0, 0, 0, 0, 0, 0, 0, 0, 415, 8, 85, 508
"c:\vs code\GitHub\CNIPE_INTERNSHIP_PROJECT_3IIR\dev\front-end\js\formation.js", "JavaScript", 0, 0, 0, 0, 0, 0, 0, 0, 640, 11, 141, 792
"c:\vs code\GitHub\CNIPE_INTERNSHIP_PROJECT_3IIR\dev\front-end\js\index.js", "JavaScript", 0, 0, 0, 0, 0, 0, 0, 0, 23, 2, 8, 33
"c:\vs code\GitHub\CNIPE_INTERNSHIP_PROJECT_3IIR\dev\front-end\js\login.js", "JavaScript", 0, 0, 0, 0, 0, 0, 0, 0, 59, 5, 21, 85
"c:\vs code\GitHub\CNIPE_INTERNSHIP_PROJECT_3IIR\dev\front-end\js\manageAdmins.js", "JavaScript", 0, 0, 0, 0, 0, 0, 0, 0, 444, 9, 73, 526
"c:\vs code\GitHub\CNIPE_INTERNSHIP_PROJECT_3IIR\dev\front-end\js\profile.js", "JavaScript", 0, 0, 0, 0, 0, 0, 0, 0, 269, 6, 48, 323
"c:\vs code\GitHub\CNIPE_INTERNSHIP_PROJECT_3IIR\dev\front-end\js\register.js", "JavaScript", 0, 0, 0, 0, 0, 0, 0, 0, 106, 6, 22, 134
"c:\vs code\GitHub\CNIPE_INTERNSHIP_PROJECT_3IIR\dev\front-end\js\script.js", "JavaScript", 0, 0, 0, 0, 0, 0, 0, 0, 433, 16, 67, 516
"c:\vs code\GitHub\CNIPE_INTERNSHIP_PROJECT_3IIR\dev\front-end\login.html", "HTML", 0, 0, 0, 37, 0, 0, 0, 0, 0, 2, 7, 46
"c:\vs code\GitHub\CNIPE_INTERNSHIP_PROJECT_3IIR\dev\front-end\manageAdmins.html", "HTML", 0, 0, 0, 152, 0, 0, 0, 0, 0, 6, 17, 175
"c:\vs code\GitHub\CNIPE_INTERNSHIP_PROJECT_3IIR\dev\front-end\profile.html", "HTML", 0, 0, 0, 197, 0, 0, 0, 0, 0, 4, 15, 216
"c:\vs code\GitHub\CNIPE_INTERNSHIP_PROJECT_3IIR\dev\front-end\register.html", "HTML", 0, 0, 0, 58, 0, 0, 0, 0, 0, 2, 8, 68
"Total", "-", 1922, 1021, 187, 1680, 7, 2880, 4130, 11, 5777, 522, 4080, 22217